"u","vtkValidPointMask","arc_length","Points:0","Points:1","Points:2"
3957.4,1,0,0,10,0
3978,1,0.1,0.1,10,0
3998.7,1,0.2,0.2,10,0
4019.4,1,0.3,0.3,10,0
4040.1,1,0.4,0.4,10,0
4060.8,1,0.5,0.5,10,0
4082.7,1,0.6,0.6,10,0
4104.6,1,0.7,0.7,10,0
4126.5,1,0.8,0.8,10,0
4148.4,1,0.9,0.9,10,0
4170.3,1,1,1,10,0
4191.9,1,1.1,1.1,10,0
4213.4,1,1.2,1.2,10,0
4235,1,1.3,1.3,10,0
4256.6,1,1.4,1.4,10,0
4278.1,1,1.5,1.5,10,0
4299.1,1,1.6,1.6,10,0
4320,1,1.7,1.7,10,0
4340.9,1,1.8,1.8,10,0
4361.9,1,1.9,1.9,10,0
4382.8,1,2,2,10,0
4403.1,1,2.1,2.1,10,0
4423.3,1,2.2,2.2,10,0
4443.6,1,2.3,2.3,10,0
4463.8,1,2.4,2.4,10,0
4484.1,1,2.5,2.5,10,0
4503.5,1,2.6,2.6,10,0
4523,1,2.7,2.7,10,0
4542.4,1,2.8,2.8,10,0
4561.9,1,2.9,2.9,10,0
4581.3,1,3,3,10,0
4601,1,3.1,3.1,10,0
4620.7,1,3.2,3.2,10,0
4640.4,1,3.3,3.3,10,0
4660,1,3.4,3.4,10,0
4679.7,1,3.5,3.5,10,0
4699.5,1,3.6,3.6,10,0
4719.4,1,3.7,3.7,10,0
4739.2,1,3.8,3.8,10,0
4759,1,3.9,3.9,10,0
4778.9,1,4,4,10,0
4797.7,1,4.1,4.1,10,0
4816.5,1,4.2,4.2,10,0
4835.3,1,4.3,4.3,10,0
4854.2,1,4.4,4.4,10,0
4873,1,4.5,4.5,10,0
4891,1,4.6,4.6,10,0
4908.9,1,4.7,4.7,10,0
4926.9,1,4.8,4.8,10,0
4944.9,1,4.9,4.9,10,0
4962.9,1,5,5,10,0
4981.1,1,5.1,5.1,10,0
4999.4,1,5.2,5.2,10,0
5017.7,1,5.3,5.3,10,0
5036,1,5.4,5.4,10,0
5054.2,1,5.5,5.5,10,0
5072.8,1,5.6,5.6,10,0
5091.3,1,5.7,5.7,10,0
5109.8,1,5.8,5.8,10,0
5128.3,1,5.9,5.9,10,0
5146.8,1,6,6,10,0
5164.7,1,6.1,6.1,10,0
5182.6,1,6.2,6.2,10,0
5200.5,1,6.3,6.3,10,0
5218.4,1,6.4,6.4,10,0
5236.3,1,6.5,6.5,10,0
5253.6,1,6.6,6.6,10,0
5271,1,6.7,6.7,10,0
5288.3,1,6.8,6.8,10,0
5305.6,1,6.9,6.9,10,0
5323,1,7,7,10,0
5340,1,7.1,7.1,10,0
5356.9,1,7.2,7.2,10,0
5373.9,1,7.3,7.3,10,0
5390.8,1,7.4,7.4,10,0
5407.8,1,7.5,7.5,10,0
5424.8,1,7.6,7.6,10,0
5441.8,1,7.7,7.7,10,0
5458.8,1,7.8,7.8,10,0
5475.8,1,7.9,7.9,10,0
5492.7,1,8,8,10,0
5509.4,1,8.1,8.1,10,0
5526.1,1,8.2,8.2,10,0
5542.8,1,8.3,8.3,10,0
5559.5,1,8.4,8.4,10,0
5576.2,1,8.5,8.5,10,0
5592.3,1,8.6,8.6,10,0
5608.3,1,8.7,8.7,10,0
5624.3,1,8.8,8.8,10,0
5640.4,1,8.9,8.9,10,0
5656.4,1,9,9,10,0
5672.4,1,9.1,9.1,10,0
5688.4,1,9.2,9.2,10,0
5704.4,1,9.3,9.3,10,0
5720.4,1,9.4,9.4,10,0
5736.4,1,9.5,9.5,10,0
5752.5,1,9.6,9.6,10,0
5768.7,1,9.7,9.7,10,0
5784.8,1,9.8,9.8,10,0
5800.9,1,9.9,9.9,10,0
5817.1,1,10,10,10,0
5833.1,1,10.1,10.1,10,0
5849.1,1,10.2,10.2,10,0
5865.2,1,10.3,10.3,10,0
5881.2,1,10.4,10.4,10,0
5897.3,1,10.5,10.5,10,0
5913.1,1,10.6,10.6,10,0
5929,1,10.7,10.7,10,0
5944.9,1,10.8,10.8,10,0
5960.8,1,10.9,10.9,10,0
5976.7,1,11,11,10,0
5992.2,1,11.1,11.1,10,0
6007.7,1,11.2,11.2,10,0
6023.2,1,11.3,11.3,10,0
6038.7,1,11.4,11.4,10,0
6054.2,1,11.5,11.5,10,0
6069.3,1,11.6,11.6,10,0
6084.4,1,11.7,11.7,10,0
6099.6,1,11.8,11.8,10,0
6114.7,1,11.9,11.9,10,0
6129.8,1,12,12,10,0
6144.7,1,12.1,12.1,10,0
6159.6,1,12.2,12.2,10,0
6174.5,1,12.3,12.3,10,0
6189.5,1,12.4,12.4,10,0
6204.4,1,12.5,12.5,10,0
6219.3,1,12.6,12.6,10,0
6234.3,1,12.7,12.7,10,0
6249.2,1,12.8,12.8,10,0
6264.2,1,12.9,12.9,10,0
6279.1,1,13,13,10,0
6294.1,1,13.1,13.1,10,0
6309.2,1,13.2,13.2,10,0
6324.2,1,13.3,13.3,10,0
6339.2,1,13.4,13.4,10,0
6354.3,1,13.5,13.5,10,0
6369.1,1,13.6,13.6,10,0
6384,1,13.7,13.7,10,0
6398.8,1,13.8,13.8,10,0
6413.7,1,13.9,13.9,10,0
6428.6,1,14,14,10,0
6443.8,1,14.1,14.1,10,0
6459,1,14.2,14.2,10,0
6474.2,1,14.3,14.3,10,0
6489.4,1,14.4,14.4,10,0
6504.7,1,14.5,14.5,10,0
6520.3,1,14.6,14.6,10,0
6535.9,1,14.7,14.7,10,0
6551.5,1,14.8,14.8,10,0
6567.1,1,14.9,14.9,10,0
6582.7,1,15,15,10,0
6597.7,1,15.1,15.1,10,0
6612.6,1,15.2,15.2,10,0
6627.5,1,15.3,15.3,10,0
6642.5,1,15.4,15.4,10,0
6657.4,1,15.5,15.5,10,0
6671.7,1,15.6,15.6,10,0
6686,1,15.7,15.7,10,0
6700.3,1,15.8,15.8,10,0
6714.6,1,15.9,15.9,10,0
6728.8,1,16,16,10,0
6743,1,16.1,16.1,10,0
6757.2,1,16.2,16.2,10,0
6771.4,1,16.3,16.3,10,0
6785.6,1,16.4,16.4,10,0
6799.8,1,16.5,16.5,10,0
6813.7,1,16.6,16.6,10,0
6827.7,1,16.7,16.7,10,0
6841.7,1,16.8,16.8,10,0
6855.7,1,16.9,16.9,10,0
6869.6,1,17,17,10,0
6883.9,1,17.1,17.1,10,0
6898.2,1,17.2,17.2,10,0
6912.4,1,17.3,17.3,10,0
6926.7,1,17.4,17.4,10,0
6941,1,17.5,17.5,10,0
6955.4,1,17.6,17.6,10,0
6969.8,1,17.7,17.7,10,0
6984.2,1,17.8,17.8,10,0
6998.7,1,17.9,17.9,10,0
7013.1,1,18,18,10,0
7027.5,1,18.1,18.1,10,0
7042,1,18.2,18.2,10,0
7056.5,1,18.3,18.3,10,0
7070.9,1,18.4,18.4,10,0
7085.4,1,18.5,18.5,10,0
7099.9,1,18.6,18.6,10,0
7114.5,1,18.7,18.7,10,0
7129,1,18.8,18.8,10,0
7143.6,1,18.9,18.9,10,0
7158.1,1,19,19,10,0
7172.9,1,19.1,19.1,10,0
7187.7,1,19.2,19.2,10,0
7202.5,1,19.3,19.3,10,0
7217.3,1,19.4,19.4,10,0
7232.1,1,19.5,19.5,10,0
7247.3,1,19.6,19.6,10,0
7262.4,1,19.7,19.7,10,0
7277.6,1,19.8,19.8,10,0
7292.7,1,19.9,19.9,10,0
7307.8,1,20,20,10,0
7322.3,1,20.1,20.1,10,0
7336.8,1,20.2,20.2,10,0
7351.2,1,20.3,20.3,10,0
7365.7,1,20.4,20.4,10,0
7380.2,1,20.5,20.5,10,0
7394.1,1,20.6,20.6,10,0
7408,1,20.7,20.7,10,0
7421.9,1,20.8,20.8,10,0
7435.8,1,20.9,20.9,10,0
7449.8,1,21,21,10,0
7463.7,1,21.1,21.1,10,0
7477.6,1,21.2,21.2,10,0
7491.5,1,21.3,21.3,10,0
7505.4,1,21.4,21.4,10,0
7519.4,1,21.5,21.5,10,0
7533.1,1,21.6,21.6,10,0
7546.9,1,21.7,21.7,10,0
7560.7,1,21.8,21.8,10,0
7574.4,1,21.9,21.9,10,0
7588.2,1,22,22,10,0
7602.3,1,22.1,22.1,10,0
7616.5,1,22.2,22.2,10,0
7630.6,1,22.3,22.3,10,0
7644.8,1,22.4,22.4,10,0
7658.9,1,22.5,22.5,10,0
7673.5,1,22.6,22.6,10,0
7688,1,22.7,22.7,10,0
7702.5,1,22.8,22.8,10,0
7717,1,22.9,22.9,10,0
7731.6,1,23,23,10,0
7746.3,1,23.1,23.1,10,0
7761,1,23.2,23.2,10,0
7775.7,1,23.3,23.3,10,0
7790.4,1,23.4,23.4,10,0
7805.2,1,23.5,23.5,10,0
7820.2,1,23.6,23.6,10,0
7835.3,1,23.7,23.7,10,0
7850.4,1,23.8,23.8,10,0
7865.5,1,23.9,23.9,10,0
7880.6,1,24,24,10,0
7895.2,1,24.1,24.1,10,0
7909.9,1,24.2,24.2,10,0
7924.6,1,24.3,24.3,10,0
7939.2,1,24.4,24.4,10,0
7953.9,1,24.5,24.5,10,0
7968.1,1,24.6,24.6,10,0
7982.3,1,24.7,24.7,10,0
7996.5,1,24.8,24.8,10,0
8010.7,1,24.9,24.9,10,0
8024.8,1,25,25,10,0
8038.6,1,25.1,25.1,10,0
8052.4,1,25.2,25.2,10,0
8066.2,1,25.3,25.3,10,0
8080,1,25.4,25.4,10,0
8093.8,1,25.5,25.5,10,0
8107.2,1,25.6,25.6,10,0
8120.6,1,25.7,25.7,10,0
8134,1,25.8,25.8,10,0
8147.3,1,25.9,25.9,10,0
8160.7,1,26,26,10,0
8174.4,1,26.1,26.1,10,0
8188.1,1,26.2,26.2,10,0
8201.8,1,26.3,26.3,10,0
8215.5,1,26.4,26.4,10,0
8229.2,1,26.5,26.5,10,0
8243.1,1,26.6,26.6,10,0
8257,1,26.7,26.7,10,0
8270.8,1,26.8,26.8,10,0
8284.7,1,26.9,26.9,10,0
8298.6,1,27,27,10,0
8312.7,1,27.1,27.1,10,0
8326.7,1,27.2,27.2,10,0
8340.7,1,27.3,27.3,10,0
8354.7,1,27.4,27.4,10,0
8368.8,1,27.5,27.5,10,0
8382.8,1,27.6,27.6,10,0
8396.8,1,27.7,27.7,10,0
8410.8,1,27.8,27.8,10,0
8424.8,1,27.9,27.9,10,0
8438.8,1,28,28,10,0
8452.8,1,28.1,28.1,10,0
8466.7,1,28.2,28.2,10,0
8480.7,1,28.3,28.3,10,0
8494.6,1,28.4,28.4,10,0
8508.5,1,28.5,28.5,10,0
8522.7,1,28.6,28.6,10,0
8536.9,1,28.7,28.7,10,0
8551.1,1,28.8,28.8,10,0
8565.3,1,28.9,28.9,10,0
8579.5,1,29,29,10,0
8594,1,29.1,29.1,10,0
8608.5,1,29.2,29.2,10,0
8623,1,29.3,29.3,10,0
8637.5,1,29.4,29.4,10,0
8652,1,29.5,29.5,10,0
8666.7,1,29.6,29.6,10,0
8681.3,1,29.7,29.7,10,0
8696,1,29.8,29.8,10,0
8710.6,1,29.9,29.9,10,0
8725.3,1,30,30,10,0
8739.3,1,30.1,30.1,10,0
8753.2,1,30.2,30.2,10,0
8767.2,1,30.3,30.3,10,0
8781.2,1,30.4,30.4,10,0
8795.1,1,30.5,30.5,10,0
8808.6,1,30.6,30.6,10,0
8822.1,1,30.7,30.7,10,0
8835.5,1,30.8,30.8,10,0
8849,1,30.9,30.9,10,0
8862.4,1,31,31,10,0
8876.5,1,31.1,31.1,10,0
8890.6,1,31.2,31.2,10,0
8904.6,1,31.3,31.3,10,0
8918.7,1,31.4,31.4,10,0
8932.8,1,31.5,31.5,10,0
8947.7,1,31.6,31.6,10,0
8962.5,1,31.7,31.7,10,0
8977.4,1,31.8,31.8,10,0
8992.2,1,31.9,31.9,10,0
9007.1,1,32,32,10,0
9021.8,1,32.1,32.1,10,0
9036.6,1,32.2,32.2,10,0
9051.3,1,32.3,32.3,10,0
9066,1,32.4,32.4,10,0
9080.8,1,32.5,32.5,10,0
9095.2,1,32.6,32.6,10,0
9109.7,1,32.7,32.7,10,0
9124.2,1,32.8,32.8,10,0
9138.7,1,32.9,32.9,10,0
9153.2,1,33,33,10,0
9167.3,1,33.1,33.1,10,0
9181.5,1,33.2,33.2,10,0
9195.6,1,33.3,33.3,10,0
9209.7,1,33.4,33.4,10,0
9223.8,1,33.5,33.5,10,0
9237.4,1,33.6,33.6,10,0
9251.1,1,33.7,33.7,10,0
9264.7,1,33.8,33.8,10,0
9278.4,1,33.9,33.9,10,0
9292,1,34,34,10,0
9305.3,1,34.1,34.1,10,0
9318.6,1,34.2,34.2,10,0
9331.9,1,34.3,34.3,10,0
9345.2,1,34.4,34.4,10,0
9358.6,1,34.5,34.5,10,0
9371.5,1,34.6,34.6,10,0
9384.5,1,34.7,34.7,10,0
9397.5,1,34.8,34.8,10,0
9410.5,1,34.9,34.9,10,0
9423.5,1,35,35,10,0
9437.1,1,35.1,35.1,10,0
9450.6,1,35.2,35.2,10,0
9464.2,1,35.3,35.3,10,0
9477.8,1,35.4,35.4,10,0
9491.4,1,35.5,35.5,10,0
9505.3,1,35.6,35.6,10,0
9519.1,1,35.7,35.7,10,0
9533,1,35.8,35.8,10,0
9546.9,1,35.9,35.9,10,0
9560.8,1,36,36,10,0
9574.6,1,36.1,36.1,10,0
9588.3,1,36.2,36.2,10,0
9602.1,1,36.3,36.3,10,0
9615.9,1,36.4,36.4,10,0
9629.7,1,36.5,36.5,10,0
9642.8,1,36.6,36.6,10,0
9655.9,1,36.7,36.7,10,0
9669,1,36.8,36.8,10,0
9682.1,1,36.9,36.9,10,0
9695.2,1,37,37,10,0
9708.2,1,37.1,37.1,10,0
9721.2,1,37.2,37.2,10,0
9734.2,1,37.3,37.3,10,0
9747.2,1,37.4,37.4,10,0
9760.2,1,37.5,37.5,10,0
9773.3,1,37.6,37.6,10,0
9786.4,1,37.7,37.7,10,0
9799.5,1,37.8,37.8,10,0
9812.6,1,37.9,37.9,10,0
9825.7,1,38,38,10,0
9838.7,1,38.1,38.1,10,0
9851.7,1,38.2,38.2,10,0
9864.7,1,38.3,38.3,10,0
9877.8,1,38.4,38.4,10,0
9890.8,1,38.5,38.5,10,0
9903.7,1,38.6,38.6,10,0
9916.6,1,38.7,38.7,10,0
9929.6,1,38.8,38.8,10,0
9942.5,1,38.9,38.9,10,0
9955.4,1,39,39,10,0
9968.4,1,39.1,39.1,10,0
9981.5,1,39.2,39.2,10,0
9994.5,1,39.3,39.3,10,0
10007,1,39.4,39.4,10,0
10020,1,39.5,39.5,10,0
10033,1,39.6,39.6,10,0
10046,1,39.7,39.7,10,0
10059,1,39.8,39.8,10,0
10072,1,39.9,39.9,10,0
10085,1,40,40,10,0
10097,1,40.1,40.1,10,0
10110,1,40.2,40.2,10,0
10122,1,40.3,40.3,10,0
10134,1,40.4,40.4,10,0
10147,1,40.5,40.5,10,0
10159,1,40.6,40.6,10,0
10171,1,40.7,40.7,10,0
10184,1,40.8,40.8,10,0
10196,1,40.9,40.9,10,0
10208,1,41,41,10,0
10220,1,41.1,41.1,10,0
10233,1,41.2,41.2,10,0
10245,1,41.3,41.3,10,0
10257,1,41.4,41.4,10,0
10269,1,41.5,41.5,10,0
10282,1,41.6,41.6,10,0
10295,1,41.7,41.7,10,0
10307,1,41.8,41.8,10,0
10320,1,41.9,41.9,10,0
10333,1,42,42,10,0
10346,1,42.1,42.1,10,0
10359,1,42.2,42.2,10,0
10373,1,42.3,42.3,10,0
10386,1,42.4,42.4,10,0
10399,1,42.5,42.5,10,0
10412,1,42.6,42.6,10,0
10425,1,42.7,42.7,10,0
10438,1,42.8,42.8,10,0
10450,1,42.9,42.9,10,0
10463,1,43,43,10,0
10475,1,43.1,43.1,10,0
10488,1,43.2,43.2,10,0
10500,1,43.3,43.3,10,0
10513,1,43.4,43.4,10,0
10525,1,43.5,43.5,10,0
10538,1,43.6,43.6,10,0
10551,1,43.7,43.7,10,0
10564,1,43.8,43.8,10,0
10577,1,43.9,43.9,10,0
10590,1,44,44,10,0
10603,1,44.1,44.1,10,0
10617,1,44.2,44.2,10,0
10630,1,44.3,44.3,10,0
10643,1,44.4,44.4,10,0
10657,1,44.5,44.5,10,0
10670,1,44.6,44.6,10,0
10683,1,44.7,44.7,10,0
10696,1,44.8,44.8,10,0
10709,1,44.9,44.9,10,0
10722,1,45,45,10,0
10735,1,45.1,45.1,10,0
10748,1,45.2,45.2,10,0
10760,1,45.3,45.3,10,0
10773,1,45.4,45.4,10,0
10786,1,45.5,45.5,10,0
10798,1,45.6,45.6,10,0
10810,1,45.7,45.7,10,0
10822,1,45.8,45.8,10,0
10834,1,45.9,45.9,10,0
10846,1,46,46,10,0
10859,1,46.1,46.1,10,0
10872,1,46.2,46.2,10,0
10884,1,46.3,46.3,10,0
10897,1,46.4,46.4,10,0
10910,1,46.5,46.5,10,0
10923,1,46.6,46.6,10,0
10935,1,46.7,46.7,10,0
10948,1,46.8,46.8,10,0
10961,1,46.9,46.9,10,0
10973,1,47,47,10,0
10985,1,47.1,47.1,10,0
10998,1,47.2,47.2,10,0
11010,1,47.3,47.3,10,0
11022,1,47.4,47.4,10,0
11034,1,47.5,47.5,10,0
11047,1,47.6,47.6,10,0
11059,1,47.7,47.7,10,0
11072,1,47.8,47.8,10,0
11084,1,47.9,47.9,10,0
11097,1,48,48,10,0
11110,1,48.1,48.1,10,0
11123,1,48.2,48.2,10,0
11136,1,48.3,48.3,10,0
11148,1,48.4,48.4,10,0
11161,1,48.5,48.5,10,0
11174,1,48.6,48.6,10,0
11186,1,48.7,48.7,10,0
11199,1,48.8,48.8,10,0
11211,1,48.9,48.9,10,0
11223,1,49,49,10,0
11235,1,49.1,49.1,10,0
11247,1,49.2,49.2,10,0
11259,1,49.3,49.3,10,0
11271,1,49.4,49.4,10,0
11283,1,49.5,49.5,10,0
11296,1,49.6,49.6,10,0
11308,1,49.7,49.7,10,0
11321,1,49.8,49.8,10,0
11333,1,49.9,49.9,10,0
11346,1,50,50,10,0
11358,1,50.1,50.1,10,0
11371,1,50.2,50.2,10,0
11384,1,50.3,50.3,10,0
11397,1,50.4,50.4,10,0
11410,1,50.5,50.5,10,0
11422,1,50.6,50.6,10,0
11434,1,50.7,50.7,10,0
11446,1,50.8,50.8,10,0
11458,1,50.9,50.9,10,0
11470,1,51,51,10,0
11481,1,51.1,51.1,10,0
11493,1,51.2,51.2,10,0
11504,1,51.3,51.3,10,0
11515,1,51.4,51.4,10,0
11527,1,51.5,51.5,10,0
11538,1,51.6,51.6,10,0
11550,1,51.7,51.7,10,0
11562,1,51.8,51.8,10,0
11574,1,51.9,51.9,10,0
11585,1,52,52,10,0
11598,1,52.1,52.1,10,0
11610,1,52.2,52.2,10,0
11622,1,52.3,52.3,10,0
11634,1,52.4,52.4,10,0
11646,1,52.5,52.5,10,0
11658,1,52.6,52.6,10,0
11670,1,52.7,52.7,10,0
11682,1,52.8,52.8,10,0
11695,1,52.9,52.9,10,0
11707,1,53,53,10,0
11719,1,53.1,53.1,10,0
11731,1,53.2,53.2,10,0
11743,1,53.3,53.3,10,0
11756,1,53.4,53.4,10,0
11768,1,53.5,53.5,10,0
11780,1,53.6,53.6,10,0
11793,1,53.7,53.7,10,0
11806,1,53.8,53.8,10,0
11818,1,53.9,53.9,10,0
11831,1,54,54,10,0
11844,1,54.1,54.1,10,0
11857,1,54.2,54.2,10,0
11870,1,54.3,54.3,10,0
11883,1,54.4,54.4,10,0
11897,1,54.5,54.5,10,0
11909,1,54.6,54.6,10,0
11921,1,54.7,54.7,10,0
11934,1,54.8,54.8,10,0
11946,1,54.9,54.9,10,0
11958,1,55,55,10,0
11970,1,55.1,55.1,10,0
11982,1,55.2,55.2,10,0
11994,1,55.3,55.3,10,0
12006,1,55.4,55.4,10,0
12018,1,55.5,55.5,10,0
12030,1,55.6,55.6,10,0
12042,1,55.7,55.7,10,0
12054,1,55.8,55.8,10,0
12066,1,55.9,55.9,10,0
12078,1,56,56,10,0
12089,1,56.1,56.1,10,0
12101,1,56.2,56.2,10,0
12113,1,56.3,56.3,10,0
12124,1,56.4,56.4,10,0
12136,1,56.5,56.5,10,0
12147,1,56.6,56.6,10,0
12159,1,56.7,56.7,10,0
12170,1,56.8,56.8,10,0
12181,1,56.9,56.9,10,0
12192,1,57,57,10,0
12203,1,57.1,57.1,10,0
12213,1,57.2,57.2,10,0
12224,1,57.3,57.3,10,0
12235,1,57.4,57.4,10,0
12245,1,57.5,57.5,10,0
12256,1,57.6,57.6,10,0
12268,1,57.7,57.7,10,0
12279,1,57.8,57.8,10,0
12290,1,57.9,57.9,10,0
12301,1,58,58,10,0
12312,1,58.1,58.1,10,0
12324,1,58.2,58.2,10,0
12335,1,58.3,58.3,10,0
12346,1,58.4,58.4,10,0
12358,1,58.5,58.5,10,0
12369,1,58.6,58.6,10,0
12380,1,58.7,58.7,10,0
12391,1,58.8,58.8,10,0
12403,1,58.9,58.9,10,0
12414,1,59,59,10,0
12425,1,59.1,59.1,10,0
12437,1,59.2,59.2,10,0
12448,1,59.3,59.3,10,0
12459,1,59.4,59.4,10,0
12471,1,59.5,59.5,10,0
12482,1,59.6,59.6,10,0
12493,1,59.7,59.7,10,0
12505,1,59.8,59.8,10,0
12516,1,59.9,59.9,10,0
12528,1,60,60,10,0
12539,1,60.1,60.1,10,0
12551,1,60.2,60.2,10,0
12562,1,60.3,60.3,10,0
12574,1,60.4,60.4,10,0
12585,1,60.5,60.5,10,0
12596,1,60.6,60.6,10,0
12607,1,60.7,60.7,10,0
12619,1,60.8,60.8,10,0
12630,1,60.9,60.9,10,0
12641,1,61,61,10,0
12651,1,61.1,61.1,10,0
12662,1,61.2,61.2,10,0
12673,1,61.3,61.3,10,0
12684,1,61.4,61.4,10,0
12694,1,61.5,61.5,10,0
12705,1,61.6,61.6,10,0
12716,1,61.7,61.7,10,0
12727,1,61.8,61.8,10,0
12738,1,61.9,61.9,10,0
12748,1,62,62,10,0
12759,1,62.1,62.1,10,0
12770,1,62.2,62.2,10,0
12781,1,62.3,62.3,10,0
12792,1,62.4,62.4,10,0
12803,1,62.5,62.5,10,0
12814,1,62.6,62.6,10,0
12825,1,62.7,62.7,10,0
12836,1,62.8,62.8,10,0
12847,1,62.9,62.9,10,0
12858,1,63,63,10,0
12870,1,63.1,63.1,10,0
12881,1,63.2,63.2,10,0
12892,1,63.3,63.3,10,0
12904,1,63.4,63.4,10,0
12915,1,63.5,63.5,10,0
12926,1,63.6,63.6,10,0
12937,1,63.7,63.7,10,0
12948,1,63.8,63.8,10,0
12959,1,63.9,63.9,10,0
12970,1,64,64,10,0
12981,1,64.1,64.1,10,0
12992,1,64.2,64.2,10,0
13002,1,64.3,64.3,10,0
13013,1,64.4,64.4,10,0
13024,1,64.5,64.5,10,0
13034,1,64.6,64.6,10,0
13045,1,64.7,64.7,10,0
13056,1,64.8,64.8,10,0
13066,1,64.9,64.9,10,0
13077,1,65,65,10,0
13087,1,65.1,65.1,10,0
13097,1,65.2,65.2,10,0
13107,1,65.3,65.3,10,0
13117,1,65.4,65.4,10,0
13127,1,65.5,65.5,10,0
13137,1,65.6,65.6,10,0
13147,1,65.7,65.7,10,0
13157,1,65.8,65.8,10,0
13167,1,65.9,65.9,10,0
13177,1,66,66,10,0
13187,1,66.1,66.1,10,0
13196,1,66.2,66.2,10,0
13206,1,66.3,66.3,10,0
13216,1,66.4,66.4,10,0
13225,1,66.5,66.5,10,0
13235,1,66.6,66.6,10,0
13245,1,66.7,66.7,10,0
13255,1,66.8,66.8,10,0
13265,1,66.9,66.9,10,0
13275,1,67,67,10,0
13285,1,67.1,67.1,10,0
13295,1,67.2,67.2,10,0
13305,1,67.3,67.3,10,0
13315,1,67.4,67.4,10,0
13325,1,67.5,67.5,10,0
13335,1,67.6,67.6,10,0
13346,1,67.7,67.7,10,0
13356,1,67.8,67.8,10,0
13367,1,67.9,67.9,10,0
13377,1,68,68,10,0
13387,1,68.1,68.1,10,0
13398,1,68.2,68.2,10,0
13408,1,68.3,68.3,10,0
13419,1,68.4,68.4,10,0
13429,1,68.5,68.5,10,0
13439,1,68.6,68.6,10,0
13448,1,68.7,68.7,10,0
13457,1,68.8,68.8,10,0
13467,1,68.9,68.9,10,0
13476,1,69,69,10,0
13484,1,69.1,69.1,10,0
13493,1,69.2,69.2,10,0
13502,1,69.3,69.3,10,0
13510,1,69.4,69.4,10,0
13519,1,69.5,69.5,10,0
13528,1,69.6,69.6,10,0
13536,1,69.7,69.7,10,0
13545,1,69.8,69.8,10,0
13554,1,69.9,69.9,10,0
13563,1,70,70,10,0
13573,1,70.1,70.1,10,0
13583,1,70.2,70.2,10,0
13593,1,70.3,70.3,10,0
13603,1,70.4,70.4,10,0
13612,1,70.5,70.5,10,0
13622,1,70.6,70.6,10,0
13632,1,70.7,70.7,10,0
13641,1,70.8,70.8,10,0
13651,1,70.9,70.9,10,0
13660,1,71,71,10,0
13670,1,71.1,71.1,10,0
13679,1,71.2,71.2,10,0
13688,1,71.3,71.3,10,0
13698,1,71.4,71.4,10,0
13707,1,71.5,71.5,10,0
13716,1,71.6,71.6,10,0
13725,1,71.7,71.7,10,0
13734,1,71.8,71.8,10,0
13743,1,71.9,71.9,10,0
13753,1,72,72,10,0
13761,1,72.1,72.1,10,0
13770,1,72.2,72.2,10,0
13779,1,72.3,72.3,10,0
13787,1,72.4,72.4,10,0
13796,1,72.5,72.5,10,0
13804,1,72.6,72.6,10,0
13812,1,72.7,72.7,10,0
13820,1,72.8,72.8,10,0
13828,1,72.9,72.9,10,0
13836,1,73,73,10,0
13843,1,73.1,73.1,10,0
13851,1,73.2,73.2,10,0
13859,1,73.3,73.3,10,0
13866,1,73.4,73.4,10,0
13874,1,73.5,73.5,10,0
13882,1,73.6,73.6,10,0
13890,1,73.7,73.7,10,0
13898,1,73.8,73.8,10,0
13907,1,73.9,73.9,10,0
13915,1,74,74,10,0
13924,1,74.1,74.1,10,0
13932,1,74.2,74.2,10,0
13941,1,74.3,74.3,10,0
13950,1,74.4,74.4,10,0
13958,1,74.5,74.5,10,0
13967,1,74.6,74.6,10,0
13975,1,74.7,74.7,10,0
13983,1,74.8,74.8,10,0
13992,1,74.9,74.9,10,0
14000,1,75,75,10,0
14007,1,75.1,75.1,10,0
14015,1,75.2,75.2,10,0
14023,1,75.3,75.3,10,0
14030,1,75.4,75.4,10,0
14038,1,75.5,75.5,10,0
14046,1,75.6,75.6,10,0
14053,1,75.7,75.7,10,0
14061,1,75.8,75.8,10,0
14069,1,75.9,75.9,10,0
14076,1,76,76,10,0
14085,1,76.1,76.1,10,0
14093,1,76.2,76.2,10,0
14101,1,76.3,76.3,10,0
14110,1,76.4,76.4,10,0
14118,1,76.5,76.5,10,0
14126,1,76.6,76.6,10,0
14134,1,76.7,76.7,10,0
14142,1,76.8,76.8,10,0
14150,1,76.9,76.9,10,0
14158,1,77,77,10,0
14166,1,77.1,77.1,10,0
14173,1,77.2,77.2,10,0
14181,1,77.3,77.3,10,0
14188,1,77.4,77.4,10,0
14196,1,77.5,77.5,10,0
14204,1,77.6,77.6,10,0
14211,1,77.7,77.7,10,0
14219,1,77.8,77.8,10,0
14227,1,77.9,77.9,10,0
14235,1,78,78,10,0
14243,1,78.1,78.1,10,0
14251,1,78.2,78.2,10,0
14260,1,78.3,78.3,10,0
14268,1,78.4,78.4,10,0
14276,1,78.5,78.5,10,0
14284,1,78.6,78.6,10,0
14292,1,78.7,78.7,10,0
14300,1,78.8,78.8,10,0
14308,1,78.9,78.9,10,0
14316,1,79,79,10,0
14323,1,79.1,79.1,10,0
14331,1,79.2,79.2,10,0
14338,1,79.3,79.3,10,0
14346,1,79.4,79.4,10,0
14353,1,79.5,79.5,10,0
14361,1,79.6,79.6,10,0
14368,1,79.7,79.7,10,0
14375,1,79.8,79.8,10,0
14382,1,79.9,79.9,10,0
14390,1,80,80,10,0
14397,1,80.1,80.1,10,0
14404,1,80.2,80.2,10,0
14411,1,80.3,80.3,10,0
14418,1,80.4,80.4,10,0
14425,1,80.5,80.5,10,0
14432,1,80.6,80.6,10,0
14439,1,80.7,80.7,10,0
14446,1,80.8,80.8,10,0
14452,1,80.9,80.9,10,0
14459,1,81,81,10,0
14466,1,81.1,81.1,10,0
14473,1,81.2,81.2,10,0
14479,1,81.3,81.3,10,0
14486,1,81.4,81.4,10,0
14493,1,81.5,81.5,10,0
14500,1,81.6,81.6,10,0
14506,1,81.7,81.7,10,0
14513,1,81.8,81.8,10,0
14519,1,81.9,81.9,10,0
14526,1,82,82,10,0
14532,1,82.1,82.1,10,0
14538,1,82.2,82.2,10,0
14544,1,82.3,82.3,10,0
14550,1,82.4,82.4,10,0
14556,1,82.5,82.5,10,0
14562,1,82.6,82.6,10,0
14568,1,82.7,82.7,10,0
14574,1,82.8,82.8,10,0
14580,1,82.9,82.9,10,0
14587,1,83,83,10,0
14592,1,83.1,83.1,10,0
14598,1,83.2,83.2,10,0
14604,1,83.3,83.3,10,0
14610,1,83.4,83.4,10,0
14616,1,83.5,83.5,10,0
14621,1,83.6,83.6,10,0
14627,1,83.7,83.7,10,0
14632,1,83.8,83.8,10,0
14638,1,83.9,83.9,10,0
14644,1,84,84,10,0
14649,1,84.1,84.1,10,0
14654,1,84.2,84.2,10,0
14660,1,84.3,84.3,10,0
14665,1,84.4,84.4,10,0
14670,1,84.5,84.5,10,0
14676,1,84.6,84.6,10,0
14681,1,84.7,84.7,10,0
14686,1,84.8,84.8,10,0
14691,1,84.9,84.9,10,0
14696,1,85,85,10,0
14701,1,85.1,85.1,10,0
14706,1,85.2,85.2,10,0
14711,1,85.3,85.3,10,0
14716,1,85.4,85.4,10,0
14721,1,85.5,85.5,10,0
14726,1,85.6,85.6,10,0
14731,1,85.7,85.7,10,0
14735,1,85.8,85.8,10,0
14740,1,85.9,85.9,10,0
14745,1,86,86,10,0
14750,1,86.1,86.1,10,0
14755,1,86.2,86.2,10,0
14759,1,86.3,86.3,10,0
14764,1,86.4,86.4,10,0
14769,1,86.5,86.5,10,0
14773,1,86.6,86.6,10,0
14778,1,86.7,86.7,10,0
14782,1,86.8,86.8,10,0
14787,1,86.9,86.9,10,0
14791,1,87,87,10,0
14796,1,87.1,87.1,10,0
14800,1,87.2,87.2,10,0
14805,1,87.3,87.3,10,0
14809,1,87.4,87.4,10,0
14814,1,87.5,87.5,10,0
14818,1,87.6,87.6,10,0
14823,1,87.7,87.7,10,0
14827,1,87.8,87.8,10,0
14832,1,87.9,87.9,10,0
14836,1,88,88,10,0
14841,1,88.1,88.1,10,0
14845,1,88.2,88.2,10,0
14850,1,88.3,88.3,10,0
14855,1,88.4,88.4,10,0
14859,1,88.5,88.5,10,0
14863,1,88.6,88.6,10,0
14867,1,88.7,88.7,10,0
14871,1,88.8,88.8,10,0
14875,1,88.9,88.9,10,0
14879,1,89,89,10,0
14883,1,89.1,89.1,10,0
14887,1,89.2,89.2,10,0
14891,1,89.3,89.3,10,0
14894,1,89.4,89.4,10,0
14898,1,89.5,89.5,10,0
14902,1,89.6,89.6,10,0
14905,1,89.7,89.7,10,0
14908,1,89.8,89.8,10,0
14912,1,89.9,89.9,10,0
14915,1,90,90,10,0
14918,1,90.1,90.1,10,0
14922,1,90.2,90.2,10,0
14925,1,90.3,90.3,10,0
14928,1,90.4,90.4,10,0
14931,1,90.5,90.5,10,0
14934,1,90.6,90.6,10,0
14936,1,90.7,90.7,10,0
14939,1,90.8,90.8,10,0
14942,1,90.9,90.9,10,0
14944,1,91,91,10,0
14946,1,91.1,91.1,10,0
14948,1,91.2,91.2,10,0
14951,1,91.3,91.3,10,0
14953,1,91.4,91.4,10,0
14955,1,91.5,91.5,10,0
14957,1,91.6,91.6,10,0
14959,1,91.7,91.7,10,0
14960,1,91.8,91.8,10,0
14962,1,91.9,91.9,10,0
14964,1,92,92,10,0
14966,1,92.1,92.1,10,0
14968,1,92.2,92.2,10,0
14969,1,92.3,92.3,10,0
14971,1,92.4,92.4,10,0
14972,1,92.5,92.5,10,0
14974,1,92.6,92.6,10,0
14976,1,92.7,92.7,10,0
14978,1,92.8,92.8,10,0
14980,1,92.9,92.9,10,0
14982,1,93,93,10,0
14984,1,93.1,93.1,10,0
14986,1,93.2,93.2,10,0
14988,1,93.3,93.3,10,0
14990,1,93.4,93.4,10,0
14992,1,93.5,93.5,10,0
14994,1,93.6,93.6,10,0
14995,1,93.7,93.7,10,0
14996,1,93.8,93.8,10,0
14998,1,93.9,93.9,10,0
14999,1,94,94,10,0
14999,1,94.1,94.1,10,0
15000,1,94.2,94.2,10,0
15001,1,94.3,94.3,10,0
15001,1,94.4,94.4,10,0
15002,1,94.5,94.5,10,0
15002,1,94.6,94.6,10,0
15002,1,94.7,94.7,10,0
15002,1,94.8,94.8,10,0
15002,1,94.9,94.9,10,0
15002,1,95,95,10,0
15001,1,95.1,95.1,10,0
15001,1,95.2,95.2,10,0
15000,1,95.3,95.3,10,0
15000,1,95.4,95.4,10,0
14999,1,95.5,95.5,10,0
14998,1,95.6,95.6,10,0
14998,1,95.7,95.7,10,0
14997,1,95.8,95.8,10,0
14997,1,95.9,95.9,10,0
14996,1,96,96,10,0
14995,1,96.1,96.1,10,0
14995,1,96.2,96.2,10,0
14994,1,96.3,96.3,10,0
14994,1,96.4,96.4,10,0
14993,1,96.5,96.5,10,0
14992,1,96.6,96.6,10,0
14991,1,96.7,96.7,10,0
14990,1,96.8,96.8,10,0
14989,1,96.9,96.9,10,0
14988,1,97,97,10,0
14987,1,97.1,97.1,10,0
14986,1,97.2,97.2,10,0
14984,1,97.3,97.3,10,0
14983,1,97.4,97.4,10,0
14981,1,97.5,97.5,10,0
14979,1,97.6,97.6,10,0
14977,1,97.7,97.7,10,0
14975,1,97.8,97.8,10,0
14973,1,97.9,97.9,10,0
14971,1,98,98,10,0
14968,1,98.1,98.1,10,0
14965,1,98.2,98.2,10,0
14962,1,98.3,98.3,10,0
14959,1,98.4,98.4,10,0
14956,1,98.5,98.5,10,0
14953,1,98.6,98.6,10,0
14951,1,98.7,98.7,10,0
14948,1,98.8,98.8,10,0
14945,1,98.9,98.9,10,0
14942,1,99,99,10,0
14940,1,99.1,99.1,10,0
14937,1,99.2,99.2,10,0
14935,1,99.3,99.3,10,0
14933,1,99.4,99.4,10,0
14930,1,99.5,99.5,10,0
14929,1,99.6,99.6,10,0
14928,1,99.7,99.7,10,0
14927,1,99.8,99.8,10,0
14926,1,99.9,99.9,10,0
14925,1,100,100,10,0
